title,province,district,total_cost,funding_type,status,primary_sector,source_file
On-Farm Soil Conservation and Productivity Enhancement through Mechanized Farming in AJ&K,Azad Jammu and Kashmir,AJ&K,17036000,ADP,under_implementation,Food,AJK_Ongoing
"Agro-Ecological Based Fruit, Vegetable & Apiculture Development as Enterprise in AJ&K",Azad Jammu and Kashmir,AJ&K,4005000,ADP,under_implementation,Food,AJK_Ongoing
Production of Quality Fruit Plants by Providing Certified Agricultural Inputs at Departmental Nurseries,Azad Jammu and Kashmir,AJ&K,14942000,ADP,under_implementation,Food,AJK_Ongoing
"Establishment of Tissue Culture Lab to Multiply Potato Seeds, Ornamental Plants & Flowers in AJ&K",Azad Jammu and Kashmir,AJ&K,16393000,ADP,under_implementation,Food,AJK_Ongoing
Promotion of Olive Cultivation in AJ&K,Azad Jammu and Kashmir,AJ&K,21394000,ADP,under_implementation,Food,AJK_Ongoing
"Establishment of China-Pakistan Joint Agricultural Demonstration Station at Heer & Singri, District Bhimber",Azad Jammu and Kashmir,Bhimber,370000,ADP,under_implementation,Food,AJK_Ongoing
Rehabilitation of Khari Irrigation Channel and Lining of Existing Distributaries on Upper Jhelum Canal (Phase-I),Azad Jammu and Kashmir,"Upper Jhelum Canal, AJ&K",56000000,ADP,under_implementation,Water,AJK_Ongoing
"Construction of Office Building for Directorate of Irrigation & Small Dams, Muzaffarabad (AJ&K)",Azad Jammu and Kashmir,Muzaffarabad,45000000,ADP,under_implementation,Water,AJK_Ongoing
Feasibility Study of Bhimber Dam Project,Azad Jammu and Kashmir,Bhimber,50000000,ADP,under_implementation,Water,AJK_Ongoing
Construction of 05 Transformer Workshops,Azad Jammu and Kashmir,"Chaksawari (Mirpur), Khuiratta (Kotli), Kahuta (Haveli), Hajira (Poonch) & Hattian (Jhelum Valley)",40000000,ADP,under_implementation,Other,AJK_Ongoing
"Construction of 132 KV Grid Station including Transmission Line at Sehnsa, District Kotli AJ&K",Azad Jammu and Kashmir,"Sehnsa, Kotli",235734000,ADP,under_implementation,Energy,AJK_Ongoing
"Construction of 132 KV Grid Station including Transmission Line at Samahni, District Bhimber AJ&K",Azad Jammu and Kashmir,"Samahni, Bhimber",245543000,ADP,under_implementation,Energy,AJK_Ongoing
Feasibility Studies for New Grid Stations in AJ&K,Azad Jammu and Kashmir,Jabbi (Bhimber) & Pattika Naseerabad (Muzaffarabad),39738000,ADP,under_implementation,Energy,AJK_Ongoing
Payment of Awarded Land for Grid Stations on the Decisions of Supreme Court AJ&K,Azad Jammu and Kashmir,"Various Locations, AJ&K",6817000,ADP,under_implementation,Energy,AJK_Ongoing
"Construction of 11 KV Express Feeder from 132 KV Grid Station Awan Sharif to Kadala Moar & Pangali Moar, District Bhimber",Azad Jammu and Kashmir,"Awan Sharif – Kadala Moar & Pangali Moar, Bhimber",29691000,ADP,under_implementation,Energy,AJK_Ongoing
"Construction of 11 KV Feeder Barootgala, District Kotli",Azad Jammu and Kashmir,Kotli (Barootgala),54151000,ADP,under_implementation,Other,AJK_Ongoing
"Construction of 11 KV Feeder from 132 KV Grid Station Kotli to Indus Press (Double Circuit), District Kotli",Azad Jammu and Kashmir,Kotli,2043000,ADP,under_implementation,Energy,AJK_Ongoing
"Replacement of Conductor City-I Feeder Dadyal, District Mirpur",Azad Jammu and Kashmir,Mirpur (Dadyal),4065000,ADP,under_implementation,Other,AJK_Ongoing
"Reconductoring of Industrial-II Feeder from Charyaian to Pail Chouhan, District Bhimber",Azad Jammu and Kashmir,Bhimber (Charyaian to Pail Chouhan),8857000,ADP,under_implementation,Other,AJK_Ongoing
"Construction of 11 KV Express Feeder for Load Bifurcation of 11 KV Kaschanater Feeder, District Bhimber",Azad Jammu and Kashmir,Bhimber (Kaschanater Feeder Area),14454000,ADP,under_implementation,Other,AJK_Ongoing
"Construction of 11 KV Express Feeder Peer Shah Ghazi Chechian (Double Circuit) and Conductor Replacement of Existing Mirpur-IV Feeder, District Mirpur",Azad Jammu and Kashmir,Mirpur (Peer Shah Ghazi Chechian),9771000,ADP,under_implementation,Other,AJK_Ongoing
"Replacement of Conductor on 11 KV Siakh Feeder from 132 KV Grid Station Dadyal Area, District Kotli",Azad Jammu and Kashmir,Kotli (Dadyal Area / Khatrass–Brand Senhsa Line),49605000,ADP,under_implementation,Energy,AJK_Ongoing
"Construction of 11 KV Express Feeder from 132 KV Grid Station Khuiratta to Charohi Dhamal, District Kotli",Azad Jammu and Kashmir,Kotli (Khuiratta–Charohi Dhamal),59878000,ADP,under_implementation,Energy,AJK_Ongoing
Extension of 11 KV Chatter Kalas Feeder (132 KV Grid Station Barora) for Shifting of Load from 11 KV Kohalla-II Feeder,Azad Jammu and Kashmir,Muzaffarabad (Barora–Chatter Kalas–Kohalla-II Area),50304000,ADP,under_implementation,Energy,AJK_Ongoing
"Replacement of Conductor (Rabbit to Dog) on 11 KV Secretariat Feeder, District Muzaffarabad",Azad Jammu and Kashmir,Muzaffarabad,23248000,ADP,under_implementation,Other,AJK_Ongoing
Rehabilitation and Renovation of Distribution Lines for Maximum Utilization of 14 MW Jheeng Hydro Power Station,Azad Jammu and Kashmir,Jheeng Hydropower Area,15696000,ADP,under_implementation,Energy,AJK_Ongoing
Construction of 11 KV Express Feeder from Rampura Grid to Sehali Naala for Load Bifurcation of Airport-II Feeder and Reconductoring of Existing 11 KV Feeder,Azad Jammu and Kashmir,Muzaffarabad (Rampura Grid – Sehali Naala),32125000,ADP,under_implementation,Energy,AJK_Ongoing
Construction of 11 KV Feeder from 132 KV Grid Station Barora to City Muzaffarabad,Azad Jammu and Kashmir,Muzaffarabad (Barora Grid Station to City Area),31076000,ADP,under_implementation,Energy,AJK_Ongoing
Extension of 11 KV New Secretariat Feeder (132 KV Grid Station Rampura) for Shifting of Load from 11 KV City-V Feeder (132 KV Grid Station Muzaffarabad),Azad Jammu and Kashmir,Muzaffarabad (Rampura Grid Station / New Secretariat Area),5658000,ADP,under_implementation,Energy,AJK_Ongoing
Construction and Renovation of 11 KV Line for Shifting of Load from Kahori Feeder (132 KV Grid Station Muzaffarabad) to Jheeng Pattika Feeder,Azad Jammu and Kashmir,Muzaffarabad (Kahori – Jheeng Pattika),19636000,ADP,under_implementation,Energy,AJK_Ongoing
"Construction of 11 KV Express Feeder from 132 KV Grid Station Minhasa to Seri Bandi/Kandi, District Bagh",Azad Jammu and Kashmir,Bagh (Minhasa – Seri Bandi/Kandi),44565000,ADP,under_implementation,Energy,AJK_Ongoing
"Construction of 11 KV Feeder from 132 KV Grid Station Bagh to Arja, District Bagh",Azad Jammu and Kashmir,Bagh (Bagh – Arja),51095000,ADP,under_implementation,Energy,AJK_Ongoing
"Construction of 11 KV Express Feeder Mandhol for Load Bifurcation, District Poonch",Azad Jammu and Kashmir,Poonch (Mandhol),46338000,ADP,under_implementation,Other,AJK_Ongoing
Construction of 2.71 MW Khurshidabad Hydro Power Project,Azad Jammu and Kashmir,"Haveli District, AJ&K",200000000,ADP,under_implementation,Energy,AJK_Ongoing
Construction of 22.0 MW Jagran-IV Hydro Power Project,Azad Jammu and Kashmir,"Neelum District, AJ&K",600000000,ADP & F. Aid,under_implementation,Energy,AJK_Ongoing
Construction of 4.96 MW Batdara Hydro Power Project,Azad Jammu and Kashmir,"Muzaffarabad District, AJ&K",250000000,ADP,under_implementation,Energy,AJK_Ongoing
Construction of 500 KW Pathali Hydro Power Project,Azad Jammu and Kashmir,"Muzaffarabad District, AJ&K",236460000,ADP,under_implementation,Energy,AJK_Ongoing
Construction of 500 KW Haryala Hydro Power Project,Azad Jammu and Kashmir,"Muzaffarabad District, AJ&K",253805000,ADP,under_implementation,Energy,AJK_Ongoing
Construction of 1.95 MW Noshera Hydro Power Project,Azad Jammu and Kashmir,"Muzaffarabad District, AJ&K",200000000,ADP,under_implementation,Energy,AJK_Ongoing
Construction of 48 MW Shounter Hydro Power Project,Azad Jammu and Kashmir,"Neelum District, AJ&K",943333000,ADP & F. Aid,under_implementation,Energy,AJK_Ongoing
Construction of 3.0 MW Phullawahi Hydro Power Project,Azad Jammu and Kashmir,"Neelum District, AJ&K",200000000,ADP,under_implementation,Energy,AJK_Ongoing
"Feasibility Study & Engineering Design of Kasorkot Talawari HPP, District Jhelum Valley",Azad Jammu and Kashmir,Jhelum,6402000,ADP,under_implementation,Other,AJK_Ongoing
Water Quality Profiling and Source Characterization in AJ&K,Azad Jammu and Kashmir,AJ&K,30560000,ADP,under_implementation,Water,AJK_Ongoing
Updation of State of Environment & Establishment of Climate Change Baseline in AJ&K,Azad Jammu and Kashmir,AJ&K,47040000,ADP,under_implementation,Other,AJK_Ongoing
"Intregrated Solid Waste Managment (ISWM) Project for Muzaffarabad City(Total Cost=Rs.361.217 million, NJHEP Share=196.050 million, ADP Share=RS.165.167 million)",Azad Jammu and Kashmir,Muzzaffarabad,165166000,ADP,under_implementation,Other,AJK_Ongoing
Provision of Safe Drinking Water in AJ&K through Installation of Water Filtration Plants,Azad Jammu and Kashmir,AJ&K,217043000,ADP,under_implementation,Water,AJK_Ongoing
Operation and Maintenance of Installed Water Filtration Plants,Azad Jammu and Kashmir,AJ&K,30000000,ADP,under_implementation,Water,AJK_Ongoing
Greater Water Supply Scheme Doba Hotrari & Mera Kalan,Azad Jammu and Kashmir,Muzaffarabad (Doba Hotrari & Mera Kalan),77117000,ADP,under_implementation,Water,AJK_Ongoing
"Greater Water Supply Scheme, Hattian Bala",Azad Jammu and Kashmir,Hattian Bala,38532000,ADP,under_implementation,Water,AJK_Ongoing
"Greater Water Supply Scheme, Abbaspur",Azad Jammu and Kashmir,Abbaspur,5000000,ADP,under_implementation,Water,AJK_Ongoing
Left-over Work of Darek Dam for Rawalakot Water Supply (Phase-I),Azad Jammu and Kashmir,Rawalakot,100000000,ADP,under_implementation,Water,AJK_Ongoing
Up-gradation of Water Supply Scheme Pallandri,Azad Jammu and Kashmir,"Pallandri, Sudhnoti",80000000,ADP,under_implementation,Water,AJK_Ongoing
Water Supply Scheme Bloach,Azad Jammu and Kashmir,"Bloach, Sudhnoti",69000000,ADP,under_implementation,Water,AJK_Ongoing
"Up-gradation of Water Supply Scheme Ghari Dopatta, Chikar & Chinari",Azad Jammu and Kashmir,"Ghari Dopatta (Muzaffarabad), Chikar & Chinari (Jhelum Valley)",50000000,ADP,under_implementation,Water,AJK_Ongoing
Completion of Left-over Works/Repair of Water Supply System Muzaffarabad City,Azad Jammu and Kashmir,Muzaffarabad City,30628000,ADP,under_implementation,Water,AJK_Ongoing
Completion of Left-over Works/Repair of Sewerage System Muzaffarabad City,Azad Jammu and Kashmir,Muzaffarabad City,14030000,ADP,under_implementation,Water,AJK_Ongoing
Completion of Left-over Works/Repair of Water Supply System Bagh City,Azad Jammu and Kashmir,Bagh City,24747000,ADP,under_implementation,Water,AJK_Ongoing
Completion of Left-Over Works/Repair of Water Supply System Bagh City Phase-II,Azad Jammu and Kashmir,Bagh City,946000,ADP,under_implementation,Water,AJK_Ongoing
"Water Supply Scheme THQ Samahni, District Bhimber",Azad Jammu and Kashmir,"Samahni, Bhimber",5494000,ADP,under_implementation,Water,AJK_Ongoing
"Water Supply Scheme THQ Charhoi, District Kotli",Azad Jammu and Kashmir,"Charhoi, Kotli",95000000,ADP,under_implementation,Water,AJK_Ongoing
Water Supply Scheme THQ Sehnsa,Azad Jammu and Kashmir,"Sehnsa, Kotli",94000000,ADP,under_implementation,Water,AJK_Ongoing
"Water Supply Scheme Bharing, District Bhimber",Azad Jammu and Kashmir,"Bharing, Bhimber",80000000,ADP,under_implementation,Water,AJK_Ongoing
Utilization of Existing Storage Infrastructure Through Construction of Two Tube Wells in Kotli City,Azad Jammu and Kashmir,Kotli City,70506000,ADP,under_implementation,Other,AJK_Ongoing
Water Quality Improvement of Percolation Wells Through Slow Sand Filtration at Dangrot in Kotli City,Azad Jammu and Kashmir,"Dangrot, Kotli City",5000000,ADP,under_implementation,Water,AJK_Ongoing
Feasibility Study and Design of Sewerage System along with Development of Additional Water Source for Muzaffarabad Water Supply,Azad Jammu and Kashmir,Muzzaffarabad,19898000,ADP,under_implementation,Water,AJK_Ongoing
Sewerage and Sanitary System for Gilgit City (Phase-II),Gilgit-Baltistan,Gilgit City,1000000000,PSDP,under_implementation,Water,GB_Current
Greater Water Supply Scheme for Central Hunza From Attabad Lake (Revised),Gilgit-Baltistan,Central Hunza,600000000,PSDP,under_implementation,Water,GB_Current
"26MW Shagarthang Hydropower Project, Skardu",Gilgit-Baltistan,"Skardu, GB",1000000000,PSDP,under_implementation,Energy,GB_Current
Construction of 16 MW Hydro Power Project Naltar-III,Gilgit-Baltistan,"Naltar, GB",1000000000,PSDP,under_implementation,Energy,GB_Current
20 MW HPP Hanzel Gilgit (Revised),Gilgit-Baltistan,Gilgit,10000000,PSDP,under_implementation,Energy,GB_Current
Development of a Project Having A Cumulative Capacity Of 100 MWP Distributed Solar Photovoltaic (DPV) Plants At Various Sites In Gilgit-Baltistan,Gilgit-Baltistan,GB,100000000,PSDP,under_implementation,Energy,GB_Current
Attabad Lake Hydropower Project (54 MW),Gilgit-Baltistan,Attabad Lake,500000000,PSDP,under_implementation,Energy,GB_Current
Capacity Enhancement of Chitral Hydel Power Station from 1 MW to 5 MW,Gilgit-Baltistan,Chitral,200000000,PSDP,under_implementation,Energy,GB_Current
"34.5 MW Harpo Hydropower Project, Skardu GB",Gilgit-Baltistan,Skardu,1000000000,PSDP,under_implementation,Energy,GB_Current
Diamer Basha Dam Project (Inclusion of Tangir Hydropower Project),Gilgit-Baltistan,Diamer,20010000000,PSDP,under_implementation,Energy,GB_Current
Diamer Basha Dam Project Acquisition of Land and Resettlement (2nd Revised) (LA&R),Gilgit-Baltistan,Diamer,7787003000,PSDP,under_implementation,Water,GB_Current
"Project for Social Development Harpo Valley & Strengthening of Water & Power Department Gilgit-Baltistan Under Accompanying Measure (AM) of ""34.5 MW HPP Harpo Skardu""",Gilgit-Baltistan,GB,12000000,ADP,under_implementation,Energy,GB_Current
"Supply of Distribution Transformers, Smart Energy Meters and Ariel Bunch Cable (Modified)",Gilgit-Baltistan,GB,25937000,ADP,under_implementation,Energy,GB_Current
"""Hydro Power and Renewable Energy-II GB"" 1. Const. of 01MW HPP Chalt Nagar. (Rehabilitation) 2. Const. of 02MW HPP Sumayar Nagar. (Remodeling) 3. 02MW HPP at Batura Passu Gojal Hunza 4. Up-gradation of 1.20MW HPS Hassanabad 1 To 1.50MW 5. Project Consultancy",Gilgit-Baltistan,GB,96150000,ADP,under_implementation,Energy,GB_Current
Feasibility Study for 100 MW Distributed Solar Photovoltaic (DPV) Plants at Various Sites in Gilgit-Baltistan (PC-II).,Gilgit-Baltistan,GB,4000000,ADP,under_implementation,Energy,GB_Current
Feasibility study to find an appropriate solution for improvement and upgradation of existing power system at Regional HQs in GB (Revised),Gilgit-Baltistan,GB,4000000,ADP,under_implementation,Energy,GB_Current
Solarization of Public Sector Institutions in Diamer Division,Gilgit-Baltistan,Diamer,9000000,ADP,under_implementation,Energy,GB_Current
Solarization of Public Sector Institutions in Baltistan Division,Gilgit-Baltistan,Baltistan,6000000,ADP,under_implementation,Energy,GB_Current
3.2 MW HPP at Batote Nomal Gilgit. (M)(Revised),Gilgit-Baltistan,Gilgit,19294000,ADP,under_implementation,Energy,GB_Current
Const. of 3.5 MW HPP Hamaran Bilchar Bagrote (2nd Revised),Gilgit-Baltistan,GB,240085000,ADP,under_implementation,Energy,GB_Current
Const. of 0.5 MW HPP Chamogarh Gilgit.,Gilgit-Baltistan,Gilgit,63927000,ADP,under_implementation,Energy,GB_Current
Solarization of AGPR Office Gilgit,Gilgit-Baltistan,Diamer,5000000,ADP,under_implementation,Energy,GB_Current
0.7 MW Hydel Power Project at Batogah Ph III Chilas. (R),Gilgit-Baltistan,Chilas,57717000,ADP,under_implementation,Energy,GB_Current
Const. of 0.5 MW Hydel Power Project at Khinner.,Gilgit-Baltistan,Khinner,53487000,ADP,under_implementation,Energy,GB_Current
01 MW HPP Batogah (Phase-IV) Chilas (Revised),Gilgit-Baltistan,Chilas (Diamer),50000000,ADP,under_implementation,Energy,GB_Current
Construction of 01 MW HPP at Manikal Darel (Revised),Gilgit-Baltistan,Darel (Diamer),150722000,ADP,under_implementation,Energy,GB_Current
Up-grading of 160 KW Hydro Power Station Tangir to 02 MW (2nd Revised),Gilgit-Baltistan,Tangir (Diamer),6094000,ADP,under_implementation,Energy,GB_Current
Construction of 02 MW Hydro Power Project Raikote Muthat Chilas (2nd Revised),Gilgit-Baltistan,"Raikot, Chilas (Diamer)",50081000,ADP,under_implementation,Energy,GB_Current
Construction of 01 MW HPP at Shabakul Darel to 02 MW (Revised),Gilgit-Baltistan,Darel (Diamer),82149000,ADP,under_implementation,Water,GB_Current
Construction of Forebay 1.2 MW Sheikho Tangir,Gilgit-Baltistan,"Sheikho, Tangir (Diamer)",10000000,ADP,under_implementation,Energy,GB_Current
Solar Street Lights at Chilas City,Gilgit-Baltistan,Chilas City,8424000,ADP,under_implementation,Energy,GB_Current
"Solar System at Gutom Hudur, Shamat Khel Muhallah Neelober Khiner and Dandalosh at Khiner",Gilgit-Baltistan,"Gutom Hudur, Shamat Khel Muhallah Neelober Khiner & Dandalosh",2000000,ADP,under_implementation,Energy,GB_Current
Construction of 1.4 MW HPP Niyat,Gilgit-Baltistan,Niyat,29495000,ADP,under_implementation,Energy,GB_Current
Construction of 0.5 MW HPP at Hudur Diamer and Missing/Remaining Works of Water and Power Complex,Gilgit-Baltistan,"Hudur, Diamer",35984000,ADP,under_implementation,Energy,GB_Current
Shifting of 3.5 MW HPP Maqpoon Bridge to (02 MW HPP Soq and 01 MW HPP PH-V Kacura Skardu (Modified) (Revised),Gilgit-Baltistan,Skardu,250000000,ADP,under_implementation,Energy,GB_Current
02 MW Hydro Power Project Tormik Roundu Ph-II. (Revised),Gilgit-Baltistan,GB,480943000,ADP,under_implementation,Energy,GB_Current
Installation of 02 MW Solar PV Plant in Skardu District,Gilgit-Baltistan,Skardu,20000000,ADP,under_implementation,Energy,GB_Current
Uprating of 160 KW to 750 KW Hydel Station Birgal Ghizer (Revised).,Gilgit-Baltistan,Ghizer,42387000,ADP,under_implementation,Water,GB_Current
Const. of 02 MW HPP Ishkoman Ph-II Ghizer (Revised).,Gilgit-Baltistan,Ghizer,250000000,ADP,under_implementation,Energy,GB_Current
Const. of 02 MW Hydro Power Project Lachat (Modified) (Revised),Gilgit-Baltistan,GB,120000000,ADP,under_implementation,Energy,GB_Current
Const. of 02 MW HPP at Balayghond Ph-II Stage II. (Revised),Gilgit-Baltistan,GB,247000000,ADP,under_implementation,Energy,GB_Current
Const. of HPP (Hydero Power Project) at Kharfaq Ghanche.,Gilgit-Baltistan,GB,5000000,ADP,under_implementation,Energy,GB_Current
02 MW Hydel Power Project Stage-I at Gudai River Astore. (R),Gilgit-Baltistan,Astore,87000000,ADP,under_implementation,Energy,GB_Current
"04 MW Turbo Generating Sets and Allied Civil Works for Stage-II, Gudai Astore.",Gilgit-Baltistan,Astore,24585000,ADP,under_implementation,Energy,GB_Current
"Const. of 02 MW Hydel Power Project at Dadu Jail Rattu, Astore.",Gilgit-Baltistan,Astore,10000000,ADP,under_implementation,Energy,GB_Current
Const. of 800 KW HPP at Ratu Astore,Gilgit-Baltistan,Astore,30000000,ADP,under_implementation,Other,GB_Current
Feasibility Study for Development of 04 MW HPP at Rattu River Astore.,Gilgit-Baltistan,GB,8138000,ADP,under_implementation,Energy,GB_Current
02 MW HPP Dichal Dashkin Astore.,Gilgit-Baltistan,Astore,0,ADP,under_implementation,Energy,GB_Current
"Const. of 02 MW HPP Dahiter Nagar, Gilgit",Gilgit-Baltistan,Gilgit,252000,ADP,under_implementation,Energy,GB_Current
2.00 MW HPP at Hisper River Nagar-I,Gilgit-Baltistan,GB,197622000,ADP,under_implementation,Energy,GB_Current
Const. of 1.5 MW HPP Budalas Nagar.,Gilgit-Baltistan,GB,40000000,ADP,under_implementation,Energy,GB_Current
Const. of 01 MW HPP at Chiporun Hunza Gojal (Revised),Gilgit-Baltistan,Hunza,5583000,ADP,under_implementation,Energy,GB_Current
Rehabilitation of 400 KW HPP Ph-III Hassanabad Hunza and 200 KW HPP Hassanabad Hunza.,Gilgit-Baltistan,Hunza,1473000,ADP,under_implementation,Other,GB_Current
Const. of 300 KW HPP at Sino Braldo Valley Shigar.,Gilgit-Baltistan,Shigar,114414000,ADP,under_implementation,Other,GB_Current
Up-Rating of 01 MW Hydel Station Shigar Phase-II to 1.5 MW (Ph-I) GBLA-12 Shigar.,Gilgit-Baltistan,Shigar,136215000,ADP,under_implementation,Water,GB_Current
Development of 03 MW Hydro Power Project at Mehdiabad Phase-III Kharmang (Hydropower Generation) (Revised).,Gilgit-Baltistan,GB,103860000,ADP,under_implementation,Energy,GB_Current
Strengthening of Agri. Research Services in GB,Gilgit-Baltistan,GB,7111000,ADP,under_implementation,Food,GB_Current
Scale up of Buckwheat and Barley Production in Gilgit-Baltistan (Modified),Gilgit-Baltistan,GB,2449000,ADP,under_implementation,Food,GB_Current
Post-Harvest Management through Processed Food Value Chain in Baltistan Region,Gilgit-Baltistan,Baltistan Region,3000000,ADP,under_implementation,Food,GB_Current
Development and Promotion of Olive and Walnut in Diamer/Astore Region,Gilgit-Baltistan,Diamer / Astore,3000000,ADP,under_implementation,Food,GB_Current
Transformation of Agriculture Production System through Cluster Based Development Approach in Diamer Region (Modified),Gilgit-Baltistan,Diamer Region,3000000,ADP,under_implementation,Food,GB_Current
Transforming Agriculture Production System Through Cluster Based Approach in Baltistan Region,Gilgit-Baltistan,Baltistan Region,1883000,ADP,under_implementation,Food,GB_Current
Transforming Agriculture through Innovative Research System in GB,Gilgit-Baltistan,GB,3905000,ADP,under_implementation,Food,GB_Current
Landscaping and Strengthening of Agriculture Secretariat with ICT Based Monitoring System GB,Gilgit-Baltistan,GB,1940000,ADP,under_implementation,Food,GB_Current
Establishment of Crop Reporting Services and Agriculture Statistics in GB,Gilgit-Baltistan,GB,1487000,ADP,under_implementation,Food,GB_Current
"Targeting Blue Revolution Towards Food, Nutrition & Livelihood Security through Conservation of Local Species in GB",Gilgit-Baltistan,Gilgit-Baltistan (GB),2972000,ADP,under_implementation,Food,GB_Current
Commercial Trout Fish Farming in Ghizer and Gilgit (Sai Nallah Juglote Sub Division),Gilgit-Baltistan,Ghizer & Gilgit,3000000,ADP,under_implementation,Food,GB_Current
Support to Enhanced Production Through Up-Gradation and Expansion of Existing Fish Farms and Hatcheries in Gilgit District & Promotion of Small Scale Fish Farming,Gilgit-Baltistan,Gilgit District,5859000,ADP,under_implementation,Food,GB_Current
Establishment of High Value Fruits Nurseries in 10 Districts (2 each in districts),Gilgit-Baltistan,10 Districts of GB,1000000,ADP,under_implementation,Food,GB_Current
"Distribution of High Value Fruit Plants (Avocado, Blueberries, Cherries etc.) to Farmers Across GB",Gilgit-Baltistan,GB,3000000,ADP,under_implementation,Food,GB_Current
Promotion of Climate Smart Pest Management Practices in GB,Gilgit-Baltistan,GB,1000000,ADP,under_implementation,Other,GB_Current
Promotion of Fruits and Honey Value Added Products in Gilgit Region,Gilgit-Baltistan,Gilgit,4161000,ADP,under_implementation,Food,GB_Current
Production Sustainable Harvesting and Marketing of Non-Timber Forest Products (NTFPs) Phase-II in Gilgit-Baltistan,Gilgit-Baltistan,GB,1000000,ADP,under_implementation,Other,GB_Current
Green Infrastructure / Green Engineering Practices,Gilgit-Baltistan,GB,1000000,ADP,under_implementation,Other,GB_Current
"Environmental Management and Monitoring System in GB, Phase-I",Gilgit-Baltistan,GB,7803000,ADP,under_implementation,Other,GB_Current
"Feasibility for Environmental Protection, Sustainable Management and Development of Khunjarab, Attabad Lake and Babusar",Gilgit-Baltistan,GB,2904000,ADP,under_implementation,Other,GB_Current
Feasibility Study for Development of Solid Waste Disposal System & Subsidy for LPG to Mitigate Climate Change in GB,Gilgit-Baltistan,GB,3000000,ADP,under_implementation,Other,GB_Current
Construction of Visitor Registration / Information Center for Strengthening and Sustainability of CKNP,Gilgit-Baltistan,GB,3000000,ADP,under_implementation,Other,GB_Current
Strengthening of Environment and Climate Change Governance through Operationalisation and Strengthening of EPA GB,Gilgit-Baltistan,GB,1000000,ADP,under_implementation,Other,GB_Current
Strengthening of Environment and Climate Change Governance through Operationalisation and Strengthening of EPA Baltistan Division,Gilgit-Baltistan,Baltistan Division,1000000,ADP,under_implementation,Other,GB_Current
Watershed Management & Soil Conservation in Catchment Areas of Attabad Lake Site in Collaboration with the Local Community,Gilgit-Baltistan,Hunza,5000000,ADP,under_implementation,Water,GB_Current
Estb. of Water Management and Irrigation Department GB,Gilgit-Baltistan,Gilgit-Baltistan,12000000,ADP,under_implementation,Water,GB_Current
"Feasibility Study for Identification, Design, Drawing and Cost Estimates for Construction of Flood Protective Structures under PSDP Project (NFPS-III) in GB",Gilgit-Baltistan,Gilgit-Baltistan,3000000,ADP,under_implementation,Water,GB_Current
Sairab Gilgit-Baltistan (Construction/Rehabilitation of Irrigation Channels to Bring Cultivable Lands under Crops in Gilgit-Baltistan) (Modified),Gilgit-Baltistan,Gilgit-Baltistan,4000000,ADP,under_implementation,Water,GB_Current
Establishment of Irrigation Directorate in Gilgit,Gilgit-Baltistan,Gilgit,6573000,ADP,under_implementation,Water,GB_Current
"Schemes of Different Nature in Halqa-I, II, III & IV",Gilgit-Baltistan,Gilgit,14000000,ADP,under_implementation,Other,GB_Current
"Channelization of Channels at Shamarot, Sabil, Jagot and Chakarkot Das in Halqa-II",Gilgit-Baltistan,Gilgit,2000000,ADP,under_implementation,Water,GB_Current
Improvement/Widening and RCC Lining of Main Irrigation Channels of Chamogar / Saeedabad,Gilgit-Baltistan,Gilgit,8994000,ADP,under_implementation,Water,GB_Current
Widening / lining of upper and lower water channel Chilas and extension of Jichan water channel and water storage tank at Sabaro Dass District Diamer,Gilgit-Baltistan,Diamer,5000000,ADP,under_implementation,Water,GB_Current
"Provision of HDPE 6"" Pipe for Supply of Pipe to Goner Farm District Diamer",Gilgit-Baltistan,Diamer,11639000,ADP,under_implementation,Water,GB_Current
"Improvement / Widening of water channels at Chilas, Thore Valley, Hudur Valley, Botgah and Khinner Valley",Gilgit-Baltistan,Diamer,6607000,ADP,under_implementation,Water,GB_Current
Construction of Lift Irrigation Schemes and Water Tanks at Darel (Halqa-17),Gilgit-Baltistan,Darel (Diamer),2000000,ADP,under_implementation,Water,GB_Current
Repair and Maintenance of Irrigation Channels from Majot to Kibosh Darel,Gilgit-Baltistan,Darel (Diamer),5000000,ADP,under_implementation,Water,GB_Current
Purchase and Installation of Lift Irrigation from Sarbar Kawardo Skardu-II,Gilgit-Baltistan,Skardu,8000000,ADP,under_implementation,Water,GB_Current
"Repair of Water Channels at Hakis (Sherzaman to Dilmurad House), Provision of 3'' Inch HDPE Pipe from Gahoo Gah to Bulbul Abad for Drinking/Irrigation Purpose and Construction of Lift Irrigation Pump at Kashbat, Gupis",Gilgit-Baltistan,Ghizer,7000000,ADP,under_implementation,Water,GB_Current
Lift Irrigation Barah UC Ghanche,Gilgit-Baltistan,Ghanche,2500000,ADP,under_implementation,Water,GB_Current
Construction and Improvement of Main Water Courses at Daghoni Ghanche-I,Gilgit-Baltistan,Ghanche,8000000,ADP,under_implementation,Water,GB_Current
Fixing of Irrigation Pipe at Daghoni Broq Ghanche-I,Gilgit-Baltistan,Ghanche,2400000,ADP,under_implementation,Water,GB_Current
"Up-gradation of Irrigation Channels through Water Management in Halqa-IV, Nagar",Gilgit-Baltistan,Nagar,1813000,ADP,under_implementation,Water,GB_Current
Rehabilitation of Irrigation Channel Farjoq from Sarkamobuit to Brumbun Altit Hunza,Gilgit-Baltistan,Hunza,5000000,ADP,under_implementation,Water,GB_Current
RCC Lining and Strengthening of Main Irrigation Water Channel for Central Hunza,Gilgit-Baltistan,Hunza,8000000,ADP,under_implementation,Water,GB_Current
Strengthening of Head Works and Channels in Ulter Nullah Hunza,Gilgit-Baltistan,Hunza,5000000,ADP,under_implementation,Water,GB_Current
Construction of Water Channels for Central Hunza,Gilgit-Baltistan,Hunza,3200000,ADP,under_implementation,Water,GB_Current
Pipe Irrigation Project from Giriakhdo Nallah to Baghicha and Bondokha,Gilgit-Baltistan,Kharmang,7000000,ADP,under_implementation,Water,GB_Current
"Solid Waste Management Units at Shigar, Ghanche, Nagar, Astore and Kharmang. (Revised)",Gilgit-Baltistan,GB,2393000,ADP,under_implementation,Other,GB_Current
Const. of Water Supply/Water Pumps/Water Tank in Halqa-II Skardu.,Gilgit-Baltistan,Skardu,2537000,ADP,under_implementation,Water,GB_Current
Const. of Sewerage System for Madarasa Hujjatiat and Adjacent Village Khai Nagar Khas,Gilgit-Baltistan,GB,7298000,ADP,under_implementation,Water,GB_Current
Improvement of Water Supply and Water Tank at Saeedabad Phaker Nagar,Gilgit-Baltistan,GB,2000000,ADP,under_implementation,Water,GB_Current
Const. of Sewerage System and Water Irrigation Channel at Syed Abad Fakar Nagar (through LG&RD).,Gilgit-Baltistan,Hunza,1900000,ADP,under_implementation,Water,GB_Current
Installation of Solar Street Lights in Skardu Ph-II,Gilgit-Baltistan,Skardu,11000000,ADP,under_implementation,Energy,GB_Current
Construction / Improvement of Water Supply Scheme in Halqa-II Ghizer,Gilgit-Baltistan,Ghizer,5573000,ADP,under_implementation,Water,GB_Current
"Construction of Water Supply Yasin Thodas, Nazber, Improvement of Water Tank Sandi and Lift Irrigation for Clean Drinking Water Taous Bala and Masher",Gilgit-Baltistan,"Ghizer (Yasin, Thodas, Nazber, Sandi, Taous Bala & Masher)",7120000,ADP,under_implementation,Water,GB_Current
Construction of Water Supply Scheme at Hasis Das Ghizer,Gilgit-Baltistan,Ghizer (Hasis Das),9000000,ADP,under_implementation,Water,GB_Current
Provision of Water Supply at GBA-20 Ghizer,Gilgit-Baltistan,Ghizer (GBA-20),6113000,ADP,under_implementation,Water,GB_Current
Extension of Water Supply in Sherqillah Golodas,Gilgit-Baltistan,Ghizer (Sherqillah Golodas),5283000,ADP,under_implementation,Water,GB_Current
Provision of Water Supply in GBA-20 Ghizer,Gilgit-Baltistan,Ghizer (GBA-20),20715000,ADP,under_implementation,Water,GB_Current
"Lift Irrigation Schemes at Damas, Mututi and Chortoi",Gilgit-Baltistan,"Ghizer (Damas, Mututi & Chortoi)",12000000,ADP,under_implementation,Water,GB_Current
"Lift Irrigation for Drinking Water Supply at Seliharang, Helter and Sumall Yasin",Gilgit-Baltistan,"Ghizer (Seliharang, Helter & Sumall Yasin)",7000000,ADP,under_implementation,Water,GB_Current
Construction of Lift Drinking Water Scheme at Murka Yaseen,Gilgit-Baltistan,Ghizer (Murka Yaseen),9000000,ADP,under_implementation,Water,GB_Current
Construction / Improvement of Existing Water Supply Distribution System in Halqa-I District Ghizer,Gilgit-Baltistan,Ghizer (Halqa-I),2000000,ADP,under_implementation,Water,GB_Current
Construction of Water Supply Scheme at Khaplu Town,Gilgit-Baltistan,Ghanche (Khaplu Town),2407000,ADP,under_implementation,Water,GB_Current
Instalation of Solar System at Khashal Community Planatation and Dairy Farm Ghwari,Gilgit-Baltistan,Khashal,9000000,ADP,under_implementation,Food,GB_Current
Water Supply Scheme for Village Ghwari,Gilgit-Baltistan,Astore,5000000,ADP,under_implementation,Water,GB_Current
Imp./rehabilitation of Existing Water Supply at Bunji Astore,Gilgit-Baltistan,Astore,6148000,ADP,under_implementation,Water,GB_Current
Const. & Improvement of Water Supply at Astore Halqa-II (Phase-I),Gilgit-Baltistan,Astore,12000000,ADP,under_implementation,Water,GB_Current
"Const. of Water Supply Scheme at Trizay, Doidass and Raja Muhallah Eid Gah Halqa-II Astore.",Gilgit-Baltistan,Astore,7200000,ADP,under_implementation,Water,GB_Current
Const. of Water Supply Scheme at Hilbichi Ahmadabad Gorikot,Gilgit-Baltistan,Hilbichi Ahmadabad Gorikot,3000000,ADP,under_implementation,Water,GB_Current
Up-gradation of Water Supply at Sikandarabad & Jaffarabad Halqa-IV Nagar (Ph-I) (Revised),Gilgit-Baltistan,Sikandardabad & Jaffarabad,4277000,ADP,under_implementation,Water,GB_Current
Const. of Sewerage System for Minapin Halqa IV.,Gilgit-Baltistan,GB,5663000,ADP,under_implementation,Water,GB_Current
Rehabilitation of Water Channels/Courses at Nagar Khas.,Gilgit-Baltistan,Nagar Khas,1074000,ADP,under_implementation,Water,GB_Current
Greater Water Supply Scheme for Central Hunza From Attabad Lake (Revised),Gilgit-Baltistan,Hunza,600000000,ADP,under_implementation,Water,GB_Current
"Construction of New Irrigation Channels, Installation of HDPE Pipe, Syphon Irrigation System and Solar System to Bring Small Barren Lands under Cultivation",Gilgit-Baltistan,GB,2000000,ADP,approved,Water,GB_Pipeline
Improvement of Main Irrigation Channels in Water Deficient Areas of GB,Gilgit-Baltistan,GB,3000000,ADP,approved,Water,GB_Pipeline
"Rehabilitation of Sardar Kul, Upper and Lower Kul",Gilgit-Baltistan,Gilgit,5000000,ADP,approved,Water,GB_Pipeline
Construction/Rehabilitation of Irrigation Channel at Paen Basin Gilgit,Gilgit-Baltistan,Gilgit,2000000,ADP,approved,Water,GB_Pipeline
"Construction of Protective Bund, Water Tanks & Water Channels in Halqa-I Gilgit",Gilgit-Baltistan,Gilgit,8000000,ADP,approved,Water,GB_Pipeline
Construction of Water Channel from Thor Sari Shitan to Miyak Village,Gilgit-Baltistan,Diamer,2000000,ADP,approved,Water,GB_Pipeline
Construction of Water Irrigation Channels at Roundu Valley,Gilgit-Baltistan,Roundu Valley (Skardu),2000000,ADP,approved,Water,GB_Pipeline
Rehabilitation of Irrigation Channel at Gahkuch Bala,Gilgit-Baltistan,Gahkuch Bala (Ghizer),2641000,ADP,approved,Water,GB_Pipeline
"Construction / Repair of Water Channels at Chagoo, Bilihari, Janoto Land, Rawoshan Nallah, Saleem Land Hakis and Talidas at Gupis Tehsil",Gilgit-Baltistan,Gupis (Ghizer),2000000,ADP,approved,Water,GB_Pipeline
Construction of Water Channel at Gindai and Water Tank at Gindai Spring,Gilgit-Baltistan,Gindai (Ghizer),4500000,ADP,approved,Water,GB_Pipeline
Construction / Rehabilitation of 1100 meter Rahim Yari Water Channel,Gilgit-Baltistan,Hunza,1473000,ADP,approved,Water,GB_Pipeline
Re-Construction of Damaged Water Channel Murtazabad Hunza,Gilgit-Baltistan,Hunza,2652000,ADP,approved,Water,GB_Pipeline
"Support in procurement of leguminous seeds, installation of drip irrigation and sprinklers and promotion of green manuring and bokashi fertilizers and composting.",Gilgit-Baltistan,GB,15000000,ADP,approved,Water,GB_Pipeline
Community-based pest survillance and use of biocontrol and low chemical Integrated Pest Management Methods.,Gilgit-Baltistan,GB,3000000,ADP,approved,Other,GB_Pipeline
"Water Irrigation Scheme Machulu through Khaney to Balagond Side, Ghanche",Gilgit-Baltistan,Ghanche,2124000,ADP,approved,Water,GB_Pipeline
"Widening / Improvement of Main Water Courses of Daghoni Village, Ghanche",Gilgit-Baltistan,Ghanche,2000000,ADP,approved,Water,GB_Pipeline
Rehabilitation / Construction of Irrigation Channel Mirmalik District Astore,Gilgit-Baltistan,Astore,1000000,ADP,approved,Water,GB_Pipeline
Irrigation Pipes for Chogam Astore,Gilgit-Baltistan,Astore,2000000,ADP,approved,Water,GB_Pipeline
